bus_id,stop,event,time
0,2,arrival,2
0,2,arrival,16
0,2,arrival,30
0,2,arrival,44
0,2,arrival,58
0,2,arrival,72
0,2,arrival,86
0,2,arrival,100
0,2,arrival,114
0,2,arrival,128
0,2,arrival,142
0,2,arrival,156
0,2,arrival,170
0,2,arrival,184
0,2,arrival,198
0,2,arrival,212
0,2,arrival,226
0,2,arrival,240
0,2,arrival,254
0,2,arrival,268
0,2,arrival,282
0,2,arrival,296
0,2,arrival,310
0,2,arrival,324
0,2,arrival,338
0,2,arrival,352
0,2,arrival,366
0,2,arrival,380
0,2,arrival,394
0,2,arrival,408
0,2,arrival,422
0,2,arrival,436
0,2,arrival,450
0,2,arrival,464
0,2,arrival,478
0,2,arrival,492
0,2,arrival,506
0,2,arrival,520
0,2,arrival,534
0,2,arrival,548
0,2,arrival,562
0,2,arrival,576
0,2,arrival,590
0,2,arrival,604
0,2,arrival,618
0,2,arrival,632
0,2,arrival,646
0,2,arrival,660
0,2,arrival,674
0,2,arrival,688
0,2,arrival,702
0,2,arrival,716
0,2,arrival,730
0,2,arrival,744
0,2,arrival,758
0,2,arrival,772
0,2,arrival,786
0,2,arrival,800
0,2,arrival,814
0,2,arrival,828
0,2,arrival,842
0,2,arrival,856
0,2,arrival,870
0,2,arrival,884
0,2,arrival,899
0,2,arrival,913
0,2,arrival,929
0,2,arrival,945
0,2,departure,3
0,2,departure,17
0,2,departure,31
0,2,departure,45
0,2,departure,59
0,2,departure,73
0,2,departure,87
0,2,departure,101
0,2,departure,115
0,2,departure,129
0,2,departure,143
0,2,departure,157
0,2,departure,171
0,2,departure,185
0,2,departure,199
0,2,departure,213
0,2,departure,227
0,2,departure,241
0,2,departure,255
0,2,departure,269
0,2,departure,283
0,2,departure,297
0,2,departure,311
0,2,departure,325
0,2,departure,339
0,2,departure,353
0,2,departure,367
0,2,departure,381
0,2,departure,395
0,2,departure,409
0,2,departure,423
0,2,departure,437
0,2,departure,451
0,2,departure,465
0,2,departure,479
0,2,departure,493
0,2,departure,507
0,2,departure,521
0,2,departure,535
0,2,departure,549
0,2,departure,563
0,2,departure,577
0,2,departure,591
0,2,departure,605
0,2,departure,619
0,2,departure,633
0,2,departure,647
0,2,departure,661
0,2,departure,675
0,2,departure,689
0,2,departure,703
0,2,departure,717
0,2,departure,731
0,2,departure,745
0,2,departure,759
0,2,departure,773
0,2,departure,787
0,2,departure,801
0,2,departure,815
0,2,departure,829
0,2,departure,843
0,2,departure,857
0,2,departure,871
0,2,departure,885
0,2,departure,900
0,2,departure,914
0,2,departure,930
0,2,departure,946
0,7,arrival,7
0,7,arrival,21
0,7,arrival,35
0,7,arrival,49
0,7,arrival,63
0,7,arrival,77
0,7,arrival,91
0,7,arrival,105
0,7,arrival,119
0,7,arrival,133
0,7,arrival,147
0,7,arrival,161
0,7,arrival,175
0,7,arrival,189
0,7,arrival,203
0,7,arrival,217
0,7,arrival,231
0,7,arrival,245
0,7,arrival,259
0,7,arrival,273
0,7,arrival,287
0,7,arrival,301
0,7,arrival,315
0,7,arrival,329
0,7,arrival,343
0,7,arrival,357
0,7,arrival,371
0,7,arrival,385
0,7,arrival,399
0,7,arrival,413
0,7,arrival,427
0,7,arrival,441
0,7,arrival,455
0,7,arrival,469
0,7,arrival,483
0,7,arrival,497
0,7,arrival,511
0,7,arrival,525
0,7,arrival,539
0,7,arrival,553
0,7,arrival,567
0,7,arrival,581
0,7,arrival,595
0,7,arrival,609
0,7,arrival,623
0,7,arrival,637
0,7,arrival,651
0,7,arrival,665
0,7,arrival,679
0,7,arrival,693
0,7,arrival,707
0,7,arrival,721
0,7,arrival,735
0,7,arrival,749
0,7,arrival,763
0,7,arrival,777
0,7,arrival,791
0,7,arrival,805
0,7,arrival,819
0,7,arrival,833
0,7,arrival,847
0,7,arrival,861
0,7,arrival,875
0,7,arrival,889
0,7,arrival,904
0,7,arrival,918
0,7,arrival,934
0,7,arrival,951
0,7,departure,8
0,7,departure,22
0,7,departure,36
0,7,departure,50
0,7,departure,64
0,7,departure,78
0,7,departure,92
0,7,departure,106
0,7,departure,120
0,7,departure,134
0,7,departure,148
0,7,departure,162
0,7,departure,176
0,7,departure,190
0,7,departure,204
0,7,departure,218
0,7,departure,232
0,7,departure,246
0,7,departure,260
0,7,departure,274
0,7,departure,288
0,7,departure,302
0,7,departure,316
0,7,departure,330
0,7,departure,344
0,7,departure,358
0,7,departure,372
0,7,departure,386
0,7,departure,400
0,7,departure,414
0,7,departure,428
0,7,departure,442
0,7,departure,456
0,7,departure,470
0,7,departure,484
0,7,departure,498
0,7,departure,512
0,7,departure,526
0,7,departure,540
0,7,departure,554
0,7,departure,568
0,7,departure,582
0,7,departure,596
0,7,departure,610
0,7,departure,624
0,7,departure,638
0,7,departure,652
0,7,departure,666
0,7,departure,680
0,7,departure,694
0,7,departure,708
0,7,departure,722
0,7,departure,736
0,7,departure,750
0,7,departure,764
0,7,departure,778
0,7,departure,792
0,7,departure,806
0,7,departure,820
0,7,departure,834
0,7,departure,848
0,7,departure,862
0,7,departure,876
0,7,departure,890
0,7,departure,905
0,7,departure,919
0,7,departure,937
0,7,departure,954
0,0,arrival,14
0,0,arrival,28
0,0,arrival,42
0,0,arrival,56
0,0,arrival,70
0,0,arrival,84
0,0,arrival,98
0,0,arrival,112
0,0,arrival,126
0,0,arrival,140
0,0,arrival,154
0,0,arrival,168
0,0,arrival,182
0,0,arrival,196
0,0,arrival,210
0,0,arrival,224
0,0,arrival,238
0,0,arrival,252
0,0,arrival,266
0,0,arrival,280
0,0,arrival,294
0,0,arrival,308
0,0,arrival,322
0,0,arrival,336
0,0,arrival,350
0,0,arrival,364
0,0,arrival,378
0,0,arrival,392
0,0,arrival,406
0,0,arrival,420
0,0,arrival,434
0,0,arrival,448
0,0,arrival,462
0,0,arrival,476
0,0,arrival,490
0,0,arrival,504
0,0,arrival,518
0,0,arrival,532
0,0,arrival,546
0,0,arrival,560
0,0,arrival,574
0,0,arrival,588
0,0,arrival,602
0,0,arrival,616
0,0,arrival,630
0,0,arrival,644
0,0,arrival,658
0,0,arrival,672
0,0,arrival,686
0,0,arrival,700
0,0,arrival,714
0,0,arrival,728
0,0,arrival,742
0,0,arrival,756
0,0,arrival,770
0,0,arrival,784
0,0,arrival,798
0,0,arrival,812
0,0,arrival,826
0,0,arrival,840
0,0,arrival,854
0,0,arrival,868
0,0,arrival,882
0,0,arrival,897
0,0,arrival,911
0,0,arrival,927
0,0,arrival,943
0,0,arrival,960
0,0,departure,15
0,0,departure,29
0,0,departure,43
0,0,departure,57
0,0,departure,71
0,0,departure,85
0,0,departure,99
0,0,departure,113
0,0,departure,127
0,0,departure,141
0,0,departure,155
0,0,departure,169
0,0,departure,183
0,0,departure,197
0,0,departure,211
0,0,departure,225
0,0,departure,239
0,0,departure,253
0,0,departure,267
0,0,departure,281
0,0,departure,295
0,0,departure,309
0,0,departure,323
0,0,departure,337
0,0,departure,351
0,0,departure,365
0,0,departure,379
0,0,departure,393
0,0,departure,407
0,0,departure,421
0,0,departure,435
0,0,departure,449
0,0,departure,463
0,0,departure,477
0,0,departure,491
0,0,departure,505
0,0,departure,519
0,0,departure,533
0,0,departure,547
0,0,departure,561
0,0,departure,575
0,0,departure,589
0,0,departure,603
0,0,departure,617
0,0,departure,631
0,0,departure,645
0,0,departure,659
0,0,departure,673
0,0,departure,687
0,0,departure,701
0,0,departure,715
0,0,departure,729
0,0,departure,743
0,0,departure,757
0,0,departure,771
0,0,departure,785
0,0,departure,799
0,0,departure,813
0,0,departure,827
0,0,departure,841
0,0,departure,855
0,0,departure,869
0,0,departure,883
0,0,departure,898
0,0,departure,912
0,0,departure,928
0,0,departure,944
1,0,arrival,7
1,0,arrival,21
1,0,arrival,35
1,0,arrival,49
1,0,arrival,63
1,0,arrival,77
1,0,arrival,91
1,0,arrival,105
1,0,arrival,119
1,0,arrival,133
1,0,arrival,147
1,0,arrival,161
1,0,arrival,175
1,0,arrival,189
1,0,arrival,203
1,0,arrival,217
1,0,arrival,231
1,0,arrival,245
1,0,arrival,259
1,0,arrival,273
1,0,arrival,287
1,0,arrival,301
1,0,arrival,315
1,0,arrival,329
1,0,arrival,343
1,0,arrival,357
1,0,arrival,371
1,0,arrival,385
1,0,arrival,399
1,0,arrival,413
1,0,arrival,427
1,0,arrival,441
1,0,arrival,455
1,0,arrival,469
1,0,arrival,483
1,0,arrival,497
1,0,arrival,511
1,0,arrival,525
1,0,arrival,539
1,0,arrival,553
1,0,arrival,567
1,0,arrival,581
1,0,arrival,595
1,0,arrival,609
1,0,arrival,623
1,0,arrival,637
1,0,arrival,651
1,0,arrival,665
1,0,arrival,679
1,0,arrival,693
1,0,arrival,707
1,0,arrival,721
1,0,arrival,735
1,0,arrival,749
1,0,arrival,763
1,0,arrival,777
1,0,arrival,791
1,0,arrival,805
1,0,arrival,819
1,0,arrival,833
1,0,arrival,847
1,0,arrival,861
1,0,arrival,877
1,0,arrival,891
1,0,arrival,905
1,0,arrival,919
1,0,arrival,933
1,0,arrival,947
1,0,departure,8
1,0,departure,22
1,0,departure,36
1,0,departure,50
1,0,departure,64
1,0,departure,78
1,0,departure,92
1,0,departure,106
1,0,departure,120
1,0,departure,134
1,0,departure,148
1,0,departure,162
1,0,departure,176
1,0,departure,190
1,0,departure,204
1,0,departure,218
1,0,departure,232
1,0,departure,246
1,0,departure,260
1,0,departure,274
1,0,departure,288
1,0,departure,302
1,0,departure,316
1,0,departure,330
1,0,departure,344
1,0,departure,358
1,0,departure,372
1,0,departure,386
1,0,departure,400
1,0,departure,414
1,0,departure,428
1,0,departure,442
1,0,departure,456
1,0,departure,470
1,0,departure,484
1,0,departure,498
1,0,departure,512
1,0,departure,526
1,0,departure,540
1,0,departure,554
1,0,departure,568
1,0,departure,582
1,0,departure,596
1,0,departure,610
1,0,departure,624
1,0,departure,638
1,0,departure,652
1,0,departure,666
1,0,departure,680
1,0,departure,694
1,0,departure,708
1,0,departure,722
1,0,departure,736
1,0,departure,750
1,0,departure,764
1,0,departure,778
1,0,departure,792
1,0,departure,806
1,0,departure,820
1,0,departure,834
1,0,departure,848
1,0,departure,862
1,0,departure,878
1,0,departure,892
1,0,departure,906
1,0,departure,920
1,0,departure,934
1,0,departure,948
1,2,arrival,9
1,2,arrival,23
1,2,arrival,37
1,2,arrival,51
1,2,arrival,65
1,2,arrival,79
1,2,arrival,93
1,2,arrival,107
1,2,arrival,121
1,2,arrival,135
1,2,arrival,149
1,2,arrival,163
1,2,arrival,177
1,2,arrival,191
1,2,arrival,205
1,2,arrival,219
1,2,arrival,233
1,2,arrival,247
1,2,arrival,261
1,2,arrival,275
1,2,arrival,289
1,2,arrival,303
1,2,arrival,317
1,2,arrival,331
1,2,arrival,345
1,2,arrival,359
1,2,arrival,373
1,2,arrival,387
1,2,arrival,401
1,2,arrival,415
1,2,arrival,429
1,2,arrival,443
1,2,arrival,457
1,2,arrival,471
1,2,arrival,485
1,2,arrival,499
1,2,arrival,513
1,2,arrival,527
1,2,arrival,541
1,2,arrival,555
1,2,arrival,569
1,2,arrival,583
1,2,arrival,597
1,2,arrival,611
1,2,arrival,625
1,2,arrival,639
1,2,arrival,653
1,2,arrival,667
1,2,arrival,681
1,2,arrival,695
1,2,arrival,709
1,2,arrival,723
1,2,arrival,737
1,2,arrival,751
1,2,arrival,765
1,2,arrival,779
1,2,arrival,793
1,2,arrival,807
1,2,arrival,821
1,2,arrival,835
1,2,arrival,849
1,2,arrival,863
1,2,arrival,879
1,2,arrival,893
1,2,arrival,907
1,2,arrival,921
1,2,arrival,935
1,2,arrival,949
1,2,departure,10
1,2,departure,24
1,2,departure,38
1,2,departure,52
1,2,departure,66
1,2,departure,80
1,2,departure,94
1,2,departure,108
1,2,departure,122
1,2,departure,136
1,2,departure,150
1,2,departure,164
1,2,departure,178
1,2,departure,192
1,2,departure,206
1,2,departure,220
1,2,departure,234
1,2,departure,248
1,2,departure,262
1,2,departure,276
1,2,departure,290
1,2,departure,304
1,2,departure,318
1,2,departure,332
1,2,departure,346
1,2,departure,360
1,2,departure,374
1,2,departure,388
1,2,departure,402
1,2,departure,416
1,2,departure,430
1,2,departure,444
1,2,departure,458
1,2,departure,472
1,2,departure,486
1,2,departure,500
1,2,departure,514
1,2,departure,528
1,2,departure,542
1,2,departure,556
1,2,departure,570
1,2,departure,584
1,2,departure,598
1,2,departure,612
1,2,departure,626
1,2,departure,640
1,2,departure,654
1,2,departure,668
1,2,departure,682
1,2,departure,696
1,2,departure,710
1,2,departure,724
1,2,departure,738
1,2,departure,752
1,2,departure,766
1,2,departure,780
1,2,departure,794
1,2,departure,808
1,2,departure,822
1,2,departure,836
1,2,departure,850
1,2,departure,864
1,2,departure,880
1,2,departure,894
1,2,departure,908
1,2,departure,922
1,2,departure,936
1,2,departure,950
1,7,arrival,14
1,7,arrival,28
1,7,arrival,42
1,7,arrival,56
1,7,arrival,70
1,7,arrival,84
1,7,arrival,98
1,7,arrival,112
1,7,arrival,126
1,7,arrival,140
1,7,arrival,154
1,7,arrival,168
1,7,arrival,182
1,7,arrival,196
1,7,arrival,210
1,7,arrival,224
1,7,arrival,238
1,7,arrival,252
1,7,arrival,266
1,7,arrival,280
1,7,arrival,294
1,7,arrival,308
1,7,arrival,322
1,7,arrival,336
1,7,arrival,350
1,7,arrival,364
1,7,arrival,378
1,7,arrival,392
1,7,arrival,406
1,7,arrival,420
1,7,arrival,434
1,7,arrival,448
1,7,arrival,462
1,7,arrival,476
1,7,arrival,490
1,7,arrival,504
1,7,arrival,518
1,7,arrival,532
1,7,arrival,546
1,7,arrival,560
1,7,arrival,574
1,7,arrival,588
1,7,arrival,602
1,7,arrival,616
1,7,arrival,630
1,7,arrival,644
1,7,arrival,658
1,7,arrival,672
1,7,arrival,686
1,7,arrival,700
1,7,arrival,714
1,7,arrival,728
1,7,arrival,742
1,7,arrival,756
1,7,arrival,770
1,7,arrival,784
1,7,arrival,798
1,7,arrival,812
1,7,arrival,826
1,7,arrival,840
1,7,arrival,854
1,7,arrival,868
1,7,arrival,884
1,7,arrival,898
1,7,arrival,912
1,7,arrival,926
1,7,arrival,940
1,7,arrival,954
1,7,departure,15
1,7,departure,29
1,7,departure,43
1,7,departure,57
1,7,departure,71
1,7,departure,85
1,7,departure,99
1,7,departure,113
1,7,departure,127
1,7,departure,141
1,7,departure,155
1,7,departure,169
1,7,departure,183
1,7,departure,197
1,7,departure,211
1,7,departure,225
1,7,departure,239
1,7,departure,253
1,7,departure,267
1,7,departure,281
1,7,departure,295
1,7,departure,309
1,7,departure,323
1,7,departure,337
1,7,departure,351
1,7,departure,365
1,7,departure,379
1,7,departure,393
1,7,departure,407
1,7,departure,421
1,7,departure,435
1,7,departure,449
1,7,departure,463
1,7,departure,477
1,7,departure,491
1,7,departure,505
1,7,departure,519
1,7,departure,533
1,7,departure,547
1,7,departure,561
1,7,departure,575
1,7,departure,589
1,7,departure,603
1,7,departure,617
1,7,departure,631
1,7,departure,645
1,7,departure,659
1,7,departure,673
1,7,departure,687
1,7,departure,701
1,7,departure,715
1,7,departure,729
1,7,departure,743
1,7,departure,757
1,7,departure,771
1,7,departure,785
1,7,departure,799
1,7,departure,813
1,7,departure,827
1,7,departure,841
1,7,departure,855
1,7,departure,871
1,7,departure,885
1,7,departure,899
1,7,departure,913
1,7,departure,927
1,7,departure,941
1,7,departure,955
2,0,arrival,8
2,0,arrival,22
2,0,arrival,36
2,0,arrival,50
2,0,arrival,64
2,0,arrival,78
2,0,arrival,92
2,0,arrival,106
2,0,arrival,120
2,0,arrival,134
2,0,arrival,148
2,0,arrival,162
2,0,arrival,176
2,0,arrival,190
2,0,arrival,204
2,0,arrival,218
2,0,arrival,232
2,0,arrival,246
2,0,arrival,260
2,0,arrival,274
2,0,arrival,288
2,0,arrival,302
2,0,arrival,316
2,0,arrival,330
2,0,arrival,344
2,0,arrival,358
2,0,arrival,372
2,0,arrival,386
2,0,arrival,400
2,0,arrival,414
2,0,arrival,428
2,0,arrival,442
2,0,arrival,456
2,0,arrival,470
2,0,arrival,484
2,0,arrival,498
2,0,arrival,512
2,0,arrival,526
2,0,arrival,540
2,0,arrival,554
2,0,arrival,568
2,0,arrival,582
2,0,arrival,596
2,0,arrival,610
2,0,arrival,624
2,0,arrival,638
2,0,arrival,652
2,0,arrival,666
2,0,arrival,680
2,0,arrival,694
2,0,arrival,708
2,0,arrival,722
2,0,arrival,736
2,0,arrival,750
2,0,arrival,764
2,0,arrival,778
2,0,arrival,793
2,0,arrival,807
2,0,arrival,821
2,0,arrival,835
2,0,arrival,849
2,0,arrival,863
2,0,arrival,877
2,0,arrival,891
2,0,arrival,905
2,0,arrival,919
2,0,arrival,933
2,0,arrival,947
2,0,departure,9
2,0,departure,23
2,0,departure,37
2,0,departure,51
2,0,departure,65
2,0,departure,79
2,0,departure,93
2,0,departure,107
2,0,departure,121
2,0,departure,135
2,0,departure,149
2,0,departure,163
2,0,departure,177
2,0,departure,191
2,0,departure,205
2,0,departure,219
2,0,departure,233
2,0,departure,247
2,0,departure,261
2,0,departure,275
2,0,departure,289
2,0,departure,303
2,0,departure,317
2,0,departure,331
2,0,departure,345
2,0,departure,359
2,0,departure,373
2,0,departure,387
2,0,departure,401
2,0,departure,415
2,0,departure,429
2,0,departure,443
2,0,departure,457
2,0,departure,471
2,0,departure,485
2,0,departure,499
2,0,departure,513
2,0,departure,527
2,0,departure,541
2,0,departure,555
2,0,departure,569
2,0,departure,583
2,0,departure,597
2,0,departure,611
2,0,departure,625
2,0,departure,639
2,0,departure,653
2,0,departure,667
2,0,departure,681
2,0,departure,695
2,0,departure,709
2,0,departure,723
2,0,departure,737
2,0,departure,751
2,0,departure,765
2,0,departure,779
2,0,departure,794
2,0,departure,808
2,0,departure,822
2,0,departure,836
2,0,departure,850
2,0,departure,864
2,0,departure,878
2,0,departure,892
2,0,departure,906
2,0,departure,920
2,0,departure,934
2,0,departure,948
2,2,arrival,10
2,2,arrival,24
2,2,arrival,38
2,2,arrival,52
2,2,arrival,66
2,2,arrival,80
2,2,arrival,94
2,2,arrival,108
2,2,arrival,122
2,2,arrival,136
2,2,arrival,150
2,2,arrival,164
2,2,arrival,178
2,2,arrival,192
2,2,arrival,206
2,2,arrival,220
2,2,arrival,234
2,2,arrival,248
2,2,arrival,262
2,2,arrival,276
2,2,arrival,290
2,2,arrival,304
2,2,arrival,318
2,2,arrival,332
2,2,arrival,346
2,2,arrival,360
2,2,arrival,374
2,2,arrival,388
2,2,arrival,402
2,2,arrival,416
2,2,arrival,430
2,2,arrival,444
2,2,arrival,458
2,2,arrival,472
2,2,arrival,486
2,2,arrival,500
2,2,arrival,514
2,2,arrival,528
2,2,arrival,542
2,2,arrival,556
2,2,arrival,570
2,2,arrival,584
2,2,arrival,598
2,2,arrival,612
2,2,arrival,626
2,2,arrival,640
2,2,arrival,654
2,2,arrival,668
2,2,arrival,682
2,2,arrival,696
2,2,arrival,710
2,2,arrival,724
2,2,arrival,738
2,2,arrival,752
2,2,arrival,766
2,2,arrival,780
2,2,arrival,795
2,2,arrival,809
2,2,arrival,823
2,2,arrival,837
2,2,arrival,851
2,2,arrival,865
2,2,arrival,879
2,2,arrival,893
2,2,arrival,907
2,2,arrival,921
2,2,arrival,935
2,2,arrival,949
2,2,departure,11
2,2,departure,25
2,2,departure,39
2,2,departure,53
2,2,departure,67
2,2,departure,81
2,2,departure,95
2,2,departure,109
2,2,departure,123
2,2,departure,137
2,2,departure,151
2,2,departure,165
2,2,departure,179
2,2,departure,193
2,2,departure,207
2,2,departure,221
2,2,departure,235
2,2,departure,249
2,2,departure,263
2,2,departure,277
2,2,departure,291
2,2,departure,305
2,2,departure,319
2,2,departure,333
2,2,departure,347
2,2,departure,361
2,2,departure,375
2,2,departure,389
2,2,departure,403
2,2,departure,417
2,2,departure,431
2,2,departure,445
2,2,departure,459
2,2,departure,473
2,2,departure,487
2,2,departure,501
2,2,departure,515
2,2,departure,529
2,2,departure,543
2,2,departure,557
2,2,departure,571
2,2,departure,585
2,2,departure,599
2,2,departure,613
2,2,departure,627
2,2,departure,641
2,2,departure,655
2,2,departure,669
2,2,departure,683
2,2,departure,697
2,2,departure,711
2,2,departure,725
2,2,departure,739
2,2,departure,753
2,2,departure,767
2,2,departure,781
2,2,departure,796
2,2,departure,810
2,2,departure,824
2,2,departure,838
2,2,departure,852
2,2,departure,866
2,2,departure,880
2,2,departure,894
2,2,departure,908
2,2,departure,922
2,2,departure,936
2,2,departure,950
2,7,arrival,15
2,7,arrival,29
2,7,arrival,43
2,7,arrival,57
2,7,arrival,71
2,7,arrival,85
2,7,arrival,99
2,7,arrival,113
2,7,arrival,127
2,7,arrival,141
2,7,arrival,155
2,7,arrival,169
2,7,arrival,183
2,7,arrival,197
2,7,arrival,211
2,7,arrival,225
2,7,arrival,239
2,7,arrival,253
2,7,arrival,267
2,7,arrival,281
2,7,arrival,295
2,7,arrival,309
2,7,arrival,323
2,7,arrival,337
2,7,arrival,351
2,7,arrival,365
2,7,arrival,379
2,7,arrival,393
2,7,arrival,407
2,7,arrival,421
2,7,arrival,435
2,7,arrival,449
2,7,arrival,463
2,7,arrival,477
2,7,arrival,491
2,7,arrival,505
2,7,arrival,519
2,7,arrival,533
2,7,arrival,547
2,7,arrival,561
2,7,arrival,575
2,7,arrival,589
2,7,arrival,603
2,7,arrival,617
2,7,arrival,631
2,7,arrival,645
2,7,arrival,659
2,7,arrival,673
2,7,arrival,687
2,7,arrival,701
2,7,arrival,715
2,7,arrival,729
2,7,arrival,743
2,7,arrival,757
2,7,arrival,771
2,7,arrival,785
2,7,arrival,800
2,7,arrival,814
2,7,arrival,828
2,7,arrival,842
2,7,arrival,856
2,7,arrival,870
2,7,arrival,884
2,7,arrival,898
2,7,arrival,912
2,7,arrival,926
2,7,arrival,940
2,7,arrival,954
2,7,departure,16
2,7,departure,30
2,7,departure,44
2,7,departure,58
2,7,departure,72
2,7,departure,86
2,7,departure,100
2,7,departure,114
2,7,departure,128
2,7,departure,142
2,7,departure,156
2,7,departure,170
2,7,departure,184
2,7,departure,198
2,7,departure,212
2,7,departure,226
2,7,departure,240
2,7,departure,254
2,7,departure,268
2,7,departure,282
2,7,departure,296
2,7,departure,310
2,7,departure,324
2,7,departure,338
2,7,departure,352
2,7,departure,366
2,7,departure,380
2,7,departure,394
2,7,departure,408
2,7,departure,422
2,7,departure,436
2,7,departure,450
2,7,departure,464
2,7,departure,478
2,7,departure,492
2,7,departure,506
2,7,departure,520
2,7,departure,534
2,7,departure,548
2,7,departure,562
2,7,departure,576
2,7,departure,590
2,7,departure,604
2,7,departure,618
2,7,departure,632
2,7,departure,646
2,7,departure,660
2,7,departure,674
2,7,departure,688
2,7,departure,702
2,7,departure,716
2,7,departure,730
2,7,departure,744
2,7,departure,758
2,7,departure,772
2,7,departure,787
2,7,departure,801
2,7,departure,815
2,7,departure,829
2,7,departure,843
2,7,departure,857
2,7,departure,871
2,7,departure,885
2,7,departure,899
2,7,departure,913
2,7,departure,927
2,7,departure,941
2,7,departure,955
3,0,arrival,9
3,0,arrival,23
3,0,arrival,37
3,0,arrival,51
3,0,arrival,65
3,0,arrival,79
3,0,arrival,93
3,0,arrival,107
3,0,arrival,121
3,0,arrival,135
3,0,arrival,149
3,0,arrival,163
3,0,arrival,177
3,0,arrival,191
3,0,arrival,205
3,0,arrival,219
3,0,arrival,233
3,0,arrival,247
3,0,arrival,261
3,0,arrival,275
3,0,arrival,289
3,0,arrival,303
3,0,arrival,317
3,0,arrival,331
3,0,arrival,345
3,0,arrival,359
3,0,arrival,373
3,0,arrival,387
3,0,arrival,401
3,0,arrival,415
3,0,arrival,429
3,0,arrival,443
3,0,arrival,457
3,0,arrival,471
3,0,arrival,485
3,0,arrival,499
3,0,arrival,513
3,0,arrival,527
3,0,arrival,541
3,0,arrival,555
3,0,arrival,569
3,0,arrival,583
3,0,arrival,597
3,0,arrival,611
3,0,arrival,625
3,0,arrival,639
3,0,arrival,653
3,0,arrival,667
3,0,arrival,681
3,0,arrival,695
3,0,arrival,709
3,0,arrival,723
3,0,arrival,737
3,0,arrival,751
3,0,arrival,765
3,0,arrival,779
3,0,arrival,793
3,0,arrival,807
3,0,arrival,821
3,0,arrival,835
3,0,arrival,849
3,0,arrival,863
3,0,arrival,877
3,0,arrival,891
3,0,arrival,905
3,0,arrival,919
3,0,arrival,933
3,0,arrival,947
3,0,departure,10
3,0,departure,24
3,0,departure,38
3,0,departure,52
3,0,departure,66
3,0,departure,80
3,0,departure,94
3,0,departure,108
3,0,departure,122
3,0,departure,136
3,0,departure,150
3,0,departure,164
3,0,departure,178
3,0,departure,192
3,0,departure,206
3,0,departure,220
3,0,departure,234
3,0,departure,248
3,0,departure,262
3,0,departure,276
3,0,departure,290
3,0,departure,304
3,0,departure,318
3,0,departure,332
3,0,departure,346
3,0,departure,360
3,0,departure,374
3,0,departure,388
3,0,departure,402
3,0,departure,416
3,0,departure,430
3,0,departure,444
3,0,departure,458
3,0,departure,472
3,0,departure,486
3,0,departure,500
3,0,departure,514
3,0,departure,528
3,0,departure,542
3,0,departure,556
3,0,departure,570
3,0,departure,584
3,0,departure,598
3,0,departure,612
3,0,departure,626
3,0,departure,640
3,0,departure,654
3,0,departure,668
3,0,departure,682
3,0,departure,696
3,0,departure,710
3,0,departure,724
3,0,departure,738
3,0,departure,752
3,0,departure,766
3,0,departure,780
3,0,departure,794
3,0,departure,808
3,0,departure,822
3,0,departure,836
3,0,departure,850
3,0,departure,864
3,0,departure,878
3,0,departure,892
3,0,departure,906
3,0,departure,920
3,0,departure,934
3,0,departure,948
3,2,arrival,11
3,2,arrival,25
3,2,arrival,39
3,2,arrival,53
3,2,arrival,67
3,2,arrival,81
3,2,arrival,95
3,2,arrival,109
3,2,arrival,123
3,2,arrival,137
3,2,arrival,151
3,2,arrival,165
3,2,arrival,179
3,2,arrival,193
3,2,arrival,207
3,2,arrival,221
3,2,arrival,235
3,2,arrival,249
3,2,arrival,263
3,2,arrival,277
3,2,arrival,291
3,2,arrival,305
3,2,arrival,319
3,2,arrival,333
3,2,arrival,347
3,2,arrival,361
3,2,arrival,375
3,2,arrival,389
3,2,arrival,403
3,2,arrival,417
3,2,arrival,431
3,2,arrival,445
3,2,arrival,459
3,2,arrival,473
3,2,arrival,487
3,2,arrival,501
3,2,arrival,515
3,2,arrival,529
3,2,arrival,543
3,2,arrival,557
3,2,arrival,571
3,2,arrival,585
3,2,arrival,599
3,2,arrival,613
3,2,arrival,627
3,2,arrival,641
3,2,arrival,655
3,2,arrival,669
3,2,arrival,683
3,2,arrival,697
3,2,arrival,711
3,2,arrival,725
3,2,arrival,739
3,2,arrival,753
3,2,arrival,767
3,2,arrival,781
3,2,arrival,795
3,2,arrival,809
3,2,arrival,823
3,2,arrival,837
3,2,arrival,851
3,2,arrival,865
3,2,arrival,879
3,2,arrival,893
3,2,arrival,907
3,2,arrival,921
3,2,arrival,935
3,2,arrival,949
3,2,departure,12
3,2,departure,26
3,2,departure,40
3,2,departure,54
3,2,departure,68
3,2,departure,82
3,2,departure,96
3,2,departure,110
3,2,departure,124
3,2,departure,138
3,2,departure,152
3,2,departure,166
3,2,departure,180
3,2,departure,194
3,2,departure,208
3,2,departure,222
3,2,departure,236
3,2,departure,250
3,2,departure,264
3,2,departure,278
3,2,departure,292
3,2,departure,306
3,2,departure,320
3,2,departure,334
3,2,departure,348
3,2,departure,362
3,2,departure,376
3,2,departure,390
3,2,departure,404
3,2,departure,418
3,2,departure,432
3,2,departure,446
3,2,departure,460
3,2,departure,474
3,2,departure,488
3,2,departure,502
3,2,departure,516
3,2,departure,530
3,2,departure,544
3,2,departure,558
3,2,departure,572
3,2,departure,586
3,2,departure,600
3,2,departure,614
3,2,departure,628
3,2,departure,642
3,2,departure,656
3,2,departure,670
3,2,departure,684
3,2,departure,698
3,2,departure,712
3,2,departure,726
3,2,departure,740
3,2,departure,754
3,2,departure,768
3,2,departure,782
3,2,departure,796
3,2,departure,810
3,2,departure,824
3,2,departure,838
3,2,departure,852
3,2,departure,866
3,2,departure,880
3,2,departure,894
3,2,departure,908
3,2,departure,922
3,2,departure,936
3,2,departure,950
3,7,arrival,16
3,7,arrival,30
3,7,arrival,44
3,7,arrival,58
3,7,arrival,72
3,7,arrival,86
3,7,arrival,100
3,7,arrival,114
3,7,arrival,128
3,7,arrival,142
3,7,arrival,156
3,7,arrival,170
3,7,arrival,184
3,7,arrival,198
3,7,arrival,212
3,7,arrival,226
3,7,arrival,240
3,7,arrival,254
3,7,arrival,268
3,7,arrival,282
3,7,arrival,296
3,7,arrival,310
3,7,arrival,324
3,7,arrival,338
3,7,arrival,352
3,7,arrival,366
3,7,arrival,380
3,7,arrival,394
3,7,arrival,408
3,7,arrival,422
3,7,arrival,436
3,7,arrival,450
3,7,arrival,464
3,7,arrival,478
3,7,arrival,492
3,7,arrival,506
3,7,arrival,520
3,7,arrival,534
3,7,arrival,548
3,7,arrival,562
3,7,arrival,576
3,7,arrival,590
3,7,arrival,604
3,7,arrival,618
3,7,arrival,632
3,7,arrival,646
3,7,arrival,660
3,7,arrival,674
3,7,arrival,688
3,7,arrival,702
3,7,arrival,716
3,7,arrival,730
3,7,arrival,744
3,7,arrival,758
3,7,arrival,772
3,7,arrival,786
3,7,arrival,800
3,7,arrival,814
3,7,arrival,828
3,7,arrival,842
3,7,arrival,856
3,7,arrival,870
3,7,arrival,884
3,7,arrival,898
3,7,arrival,912
3,7,arrival,926
3,7,arrival,940
3,7,arrival,954
3,7,departure,17
3,7,departure,31
3,7,departure,45
3,7,departure,59
3,7,departure,73
3,7,departure,87
3,7,departure,101
3,7,departure,115
3,7,departure,129
3,7,departure,143
3,7,departure,157
3,7,departure,171
3,7,departure,185
3,7,departure,199
3,7,departure,213
3,7,departure,227
3,7,departure,241
3,7,departure,255
3,7,departure,269
3,7,departure,283
3,7,departure,297
3,7,departure,311
3,7,departure,325
3,7,departure,339
3,7,departure,353
3,7,departure,367
3,7,departure,381
3,7,departure,395
3,7,departure,409
3,7,departure,423
3,7,departure,437
3,7,departure,451
3,7,departure,465
3,7,departure,479
3,7,departure,493
3,7,departure,507
3,7,departure,521
3,7,departure,535
3,7,departure,549
3,7,departure,563
3,7,departure,577
3,7,departure,591
3,7,departure,605
3,7,departure,619
3,7,departure,633
3,7,departure,647
3,7,departure,661
3,7,departure,675
3,7,departure,689
3,7,departure,703
3,7,departure,717
3,7,departure,731
3,7,departure,745
3,7,departure,759
3,7,departure,773
3,7,departure,787
3,7,departure,801
3,7,departure,815
3,7,departure,829
3,7,departure,843
3,7,departure,857
3,7,departure,871
3,7,departure,885
3,7,departure,899
3,7,departure,913
3,7,departure,927
3,7,departure,941
3,7,departure,955
4,0,arrival,10
4,0,arrival,24
4,0,arrival,38
4,0,arrival,52
4,0,arrival,66
4,0,arrival,80
4,0,arrival,94
4,0,arrival,108
4,0,arrival,122
4,0,arrival,136
4,0,arrival,150
4,0,arrival,164
4,0,arrival,178
4,0,arrival,192
4,0,arrival,206
4,0,arrival,220
4,0,arrival,234
4,0,arrival,248
4,0,arrival,262
4,0,arrival,276
4,0,arrival,290
4,0,arrival,304
4,0,arrival,318
4,0,arrival,332
4,0,arrival,346
4,0,arrival,360
4,0,arrival,374
4,0,arrival,388
4,0,arrival,402
4,0,arrival,416
4,0,arrival,430
4,0,arrival,444
4,0,arrival,458
4,0,arrival,472
4,0,arrival,486
4,0,arrival,500
4,0,arrival,514
4,0,arrival,528
4,0,arrival,542
4,0,arrival,556
4,0,arrival,570
4,0,arrival,584
4,0,arrival,598
4,0,arrival,612
4,0,arrival,626
4,0,arrival,640
4,0,arrival,654
4,0,arrival,668
4,0,arrival,682
4,0,arrival,696
4,0,arrival,710
4,0,arrival,724
4,0,arrival,738
4,0,arrival,752
4,0,arrival,766
4,0,arrival,780
4,0,arrival,794
4,0,arrival,808
4,0,arrival,822
4,0,arrival,836
4,0,arrival,850
4,0,arrival,864
4,0,arrival,878
4,0,arrival,892
4,0,arrival,906
4,0,arrival,920
4,0,arrival,934
4,0,arrival,948
4,0,departure,11
4,0,departure,25
4,0,departure,39
4,0,departure,53
4,0,departure,67
4,0,departure,81
4,0,departure,95
4,0,departure,109
4,0,departure,123
4,0,departure,137
4,0,departure,151
4,0,departure,165
4,0,departure,179
4,0,departure,193
4,0,departure,207
4,0,departure,221
4,0,departure,235
4,0,departure,249
4,0,departure,263
4,0,departure,277
4,0,departure,291
4,0,departure,305
4,0,departure,319
4,0,departure,333
4,0,departure,347
4,0,departure,361
4,0,departure,375
4,0,departure,389
4,0,departure,403
4,0,departure,417
4,0,departure,431
4,0,departure,445
4,0,departure,459
4,0,departure,473
4,0,departure,487
4,0,departure,501
4,0,departure,515
4,0,departure,529
4,0,departure,543
4,0,departure,557
4,0,departure,571
4,0,departure,585
4,0,departure,599
4,0,departure,613
4,0,departure,627
4,0,departure,641
4,0,departure,655
4,0,departure,669
4,0,departure,683
4,0,departure,697
4,0,departure,711
4,0,departure,725
4,0,departure,739
4,0,departure,753
4,0,departure,767
4,0,departure,781
4,0,departure,795
4,0,departure,809
4,0,departure,823
4,0,departure,837
4,0,departure,851
4,0,departure,865
4,0,departure,879
4,0,departure,893
4,0,departure,907
4,0,departure,921
4,0,departure,935
4,0,departure,949
4,2,arrival,12
4,2,arrival,26
4,2,arrival,40
4,2,arrival,54
4,2,arrival,68
4,2,arrival,82
4,2,arrival,96
4,2,arrival,110
4,2,arrival,124
4,2,arrival,138
4,2,arrival,152
4,2,arrival,166
4,2,arrival,180
4,2,arrival,194
4,2,arrival,208
4,2,arrival,222
4,2,arrival,236
4,2,arrival,250
4,2,arrival,264
4,2,arrival,278
4,2,arrival,292
4,2,arrival,306
4,2,arrival,320
4,2,arrival,334
4,2,arrival,348
4,2,arrival,362
4,2,arrival,376
4,2,arrival,390
4,2,arrival,404
4,2,arrival,418
4,2,arrival,432
4,2,arrival,446
4,2,arrival,460
4,2,arrival,474
4,2,arrival,488
4,2,arrival,502
4,2,arrival,516
4,2,arrival,530
4,2,arrival,544
4,2,arrival,558
4,2,arrival,572
4,2,arrival,586
4,2,arrival,600
4,2,arrival,614
4,2,arrival,628
4,2,arrival,642
4,2,arrival,656
4,2,arrival,670
4,2,arrival,684
4,2,arrival,698
4,2,arrival,712
4,2,arrival,726
4,2,arrival,740
4,2,arrival,754
4,2,arrival,768
4,2,arrival,782
4,2,arrival,796
4,2,arrival,810
4,2,arrival,824
4,2,arrival,838
4,2,arrival,852
4,2,arrival,866
4,2,arrival,880
4,2,arrival,894
4,2,arrival,908
4,2,arrival,922
4,2,arrival,936
4,2,arrival,950
4,2,departure,13
4,2,departure,27
4,2,departure,41
4,2,departure,55
4,2,departure,69
4,2,departure,83
4,2,departure,97
4,2,departure,111
4,2,departure,125
4,2,departure,139
4,2,departure,153
4,2,departure,167
4,2,departure,181
4,2,departure,195
4,2,departure,209
4,2,departure,223
4,2,departure,237
4,2,departure,251
4,2,departure,265
4,2,departure,279
4,2,departure,293
4,2,departure,307
4,2,departure,321
4,2,departure,335
4,2,departure,349
4,2,departure,363
4,2,departure,377
4,2,departure,391
4,2,departure,405
4,2,departure,419
4,2,departure,433
4,2,departure,447
4,2,departure,461
4,2,departure,475
4,2,departure,489
4,2,departure,503
4,2,departure,517
4,2,departure,531
4,2,departure,545
4,2,departure,559
4,2,departure,573
4,2,departure,587
4,2,departure,601
4,2,departure,615
4,2,departure,629
4,2,departure,643
4,2,departure,657
4,2,departure,671
4,2,departure,685
4,2,departure,699
4,2,departure,713
4,2,departure,727
4,2,departure,741
4,2,departure,755
4,2,departure,769
4,2,departure,783
4,2,departure,797
4,2,departure,811
4,2,departure,825
4,2,departure,839
4,2,departure,853
4,2,departure,867
4,2,departure,881
4,2,departure,895
4,2,departure,909
4,2,departure,923
4,2,departure,937
4,2,departure,951
4,7,arrival,17
4,7,arrival,31
4,7,arrival,45
4,7,arrival,59
4,7,arrival,73
4,7,arrival,87
4,7,arrival,101
4,7,arrival,115
4,7,arrival,129
4,7,arrival,143
4,7,arrival,157
4,7,arrival,171
4,7,arrival,185
4,7,arrival,199
4,7,arrival,213
4,7,arrival,227
4,7,arrival,241
4,7,arrival,255
4,7,arrival,269
4,7,arrival,283
4,7,arrival,297
4,7,arrival,311
4,7,arrival,325
4,7,arrival,339
4,7,arrival,353
4,7,arrival,367
4,7,arrival,381
4,7,arrival,395
4,7,arrival,409
4,7,arrival,423
4,7,arrival,437
4,7,arrival,451
4,7,arrival,465
4,7,arrival,479
4,7,arrival,493
4,7,arrival,507
4,7,arrival,521
4,7,arrival,535
4,7,arrival,549
4,7,arrival,563
4,7,arrival,577
4,7,arrival,591
4,7,arrival,605
4,7,arrival,619
4,7,arrival,633
4,7,arrival,647
4,7,arrival,661
4,7,arrival,675
4,7,arrival,689
4,7,arrival,703
4,7,arrival,717
4,7,arrival,731
4,7,arrival,745
4,7,arrival,759
4,7,arrival,773
4,7,arrival,787
4,7,arrival,801
4,7,arrival,815
4,7,arrival,829
4,7,arrival,843
4,7,arrival,857
4,7,arrival,871
4,7,arrival,885
4,7,arrival,899
4,7,arrival,913
4,7,arrival,927
4,7,arrival,941
4,7,arrival,955
4,7,departure,18
4,7,departure,32
4,7,departure,46
4,7,departure,60
4,7,departure,74
4,7,departure,88
4,7,departure,102
4,7,departure,116
4,7,departure,130
4,7,departure,144
4,7,departure,158
4,7,departure,172
4,7,departure,186
4,7,departure,200
4,7,departure,214
4,7,departure,228
4,7,departure,242
4,7,departure,256
4,7,departure,270
4,7,departure,284
4,7,departure,298
4,7,departure,312
4,7,departure,326
4,7,departure,340
4,7,departure,354
4,7,departure,368
4,7,departure,382
4,7,departure,396
4,7,departure,410
4,7,departure,424
4,7,departure,438
4,7,departure,452
4,7,departure,466
4,7,departure,480
4,7,departure,494
4,7,departure,508
4,7,departure,522
4,7,departure,536
4,7,departure,550
4,7,departure,564
4,7,departure,578
4,7,departure,592
4,7,departure,606
4,7,departure,620
4,7,departure,634
4,7,departure,648
4,7,departure,662
4,7,departure,676
4,7,departure,690
4,7,departure,704
4,7,departure,718
4,7,departure,732
4,7,departure,746
4,7,departure,760
4,7,departure,774
4,7,departure,788
4,7,departure,802
4,7,departure,816
4,7,departure,830
4,7,departure,844
4,7,departure,858
4,7,departure,872
4,7,departure,886
4,7,departure,900
4,7,departure,914
4,7,departure,928
4,7,departure,942
4,7,departure,956
5,0,arrival,11
5,0,arrival,25
5,0,arrival,39
5,0,arrival,53
5,0,arrival,67
5,0,arrival,81
5,0,arrival,95
5,0,arrival,109
5,0,arrival,123
5,0,arrival,137
5,0,arrival,151
5,0,arrival,165
5,0,arrival,179
5,0,arrival,193
5,0,arrival,207
5,0,arrival,221
5,0,arrival,235
5,0,arrival,249
5,0,arrival,263
5,0,arrival,277
5,0,arrival,291
5,0,arrival,305
5,0,arrival,319
5,0,arrival,333
5,0,arrival,347
5,0,arrival,361
5,0,arrival,375
5,0,arrival,389
5,0,arrival,403
5,0,arrival,417
5,0,arrival,431
5,0,arrival,445
5,0,arrival,459
5,0,arrival,473
5,0,arrival,487
5,0,arrival,501
5,0,arrival,515
5,0,arrival,529
5,0,arrival,543
5,0,arrival,557
5,0,arrival,571
5,0,arrival,585
5,0,arrival,599
5,0,arrival,613
5,0,arrival,627
5,0,arrival,641
5,0,arrival,655
5,0,arrival,669
5,0,arrival,683
5,0,arrival,697
5,0,arrival,711
5,0,arrival,725
5,0,arrival,739
5,0,arrival,753
5,0,arrival,767
5,0,arrival,781
5,0,arrival,795
5,0,arrival,809
5,0,arrival,823
5,0,arrival,837
5,0,arrival,851
5,0,arrival,865
5,0,arrival,879
5,0,arrival,893
5,0,arrival,907
5,0,arrival,921
5,0,arrival,935
5,0,arrival,949
5,0,departure,12
5,0,departure,26
5,0,departure,40
5,0,departure,54
5,0,departure,68
5,0,departure,82
5,0,departure,96
5,0,departure,110
5,0,departure,124
5,0,departure,138
5,0,departure,152
5,0,departure,166
5,0,departure,180
5,0,departure,194
5,0,departure,208
5,0,departure,222
5,0,departure,236
5,0,departure,250
5,0,departure,264
5,0,departure,278
5,0,departure,292
5,0,departure,306
5,0,departure,320
5,0,departure,334
5,0,departure,348
5,0,departure,362
5,0,departure,376
5,0,departure,390
5,0,departure,404
5,0,departure,418
5,0,departure,432
5,0,departure,446
5,0,departure,460
5,0,departure,474
5,0,departure,488
5,0,departure,502
5,0,departure,516
5,0,departure,530
5,0,departure,544
5,0,departure,558
5,0,departure,572
5,0,departure,586
5,0,departure,600
5,0,departure,614
5,0,departure,628
5,0,departure,642
5,0,departure,656
5,0,departure,670
5,0,departure,684
5,0,departure,698
5,0,departure,712
5,0,departure,726
5,0,departure,740
5,0,departure,754
5,0,departure,768
5,0,departure,782
5,0,departure,796
5,0,departure,810
5,0,departure,824
5,0,departure,838
5,0,departure,852
5,0,departure,866
5,0,departure,880
5,0,departure,894
5,0,departure,908
5,0,departure,922
5,0,departure,936
5,0,departure,950
5,2,arrival,13
5,2,arrival,27
5,2,arrival,41
5,2,arrival,55
5,2,arrival,69
5,2,arrival,83
5,2,arrival,97
5,2,arrival,111
5,2,arrival,125
5,2,arrival,139
5,2,arrival,153
5,2,arrival,167
5,2,arrival,181
5,2,arrival,195
5,2,arrival,209
5,2,arrival,223
5,2,arrival,237
5,2,arrival,251
5,2,arrival,265
5,2,arrival,279
5,2,arrival,293
5,2,arrival,307
5,2,arrival,321
5,2,arrival,335
5,2,arrival,349
5,2,arrival,363
5,2,arrival,377
5,2,arrival,391
5,2,arrival,405
5,2,arrival,419
5,2,arrival,433
5,2,arrival,447
5,2,arrival,461
5,2,arrival,475
5,2,arrival,489
5,2,arrival,503
5,2,arrival,517
5,2,arrival,531
5,2,arrival,545
5,2,arrival,559
5,2,arrival,573
5,2,arrival,587
5,2,arrival,601
5,2,arrival,615
5,2,arrival,629
5,2,arrival,643
5,2,arrival,657
5,2,arrival,671
5,2,arrival,685
5,2,arrival,699
5,2,arrival,713
5,2,arrival,727
5,2,arrival,741
5,2,arrival,755
5,2,arrival,769
5,2,arrival,783
5,2,arrival,797
5,2,arrival,811
5,2,arrival,825
5,2,arrival,839
5,2,arrival,853
5,2,arrival,867
5,2,arrival,881
5,2,arrival,895
5,2,arrival,909
5,2,arrival,923
5,2,arrival,937
5,2,arrival,951
5,2,departure,14
5,2,departure,28
5,2,departure,42
5,2,departure,56
5,2,departure,70
5,2,departure,84
5,2,departure,98
5,2,departure,112
5,2,departure,126
5,2,departure,140
5,2,departure,154
5,2,departure,168
5,2,departure,182
5,2,departure,196
5,2,departure,210
5,2,departure,224
5,2,departure,238
5,2,departure,252
5,2,departure,266
5,2,departure,280
5,2,departure,294
5,2,departure,308
5,2,departure,322
5,2,departure,336
5,2,departure,350
5,2,departure,364
5,2,departure,378
5,2,departure,392
5,2,departure,406
5,2,departure,420
5,2,departure,434
5,2,departure,448
5,2,departure,462
5,2,departure,476
5,2,departure,490
5,2,departure,504
5,2,departure,518
5,2,departure,532
5,2,departure,546
5,2,departure,560
5,2,departure,574
5,2,departure,588
5,2,departure,602
5,2,departure,616
5,2,departure,630
5,2,departure,644
5,2,departure,658
5,2,departure,672
5,2,departure,686
5,2,departure,700
5,2,departure,714
5,2,departure,728
5,2,departure,742
5,2,departure,756
5,2,departure,770
5,2,departure,784
5,2,departure,798
5,2,departure,812
5,2,departure,826
5,2,departure,840
5,2,departure,854
5,2,departure,868
5,2,departure,882
5,2,departure,896
5,2,departure,910
5,2,departure,924
5,2,departure,938
5,2,departure,952
5,7,arrival,18
5,7,arrival,32
5,7,arrival,46
5,7,arrival,60
5,7,arrival,74
5,7,arrival,88
5,7,arrival,102
5,7,arrival,116
5,7,arrival,130
5,7,arrival,144
5,7,arrival,158
5,7,arrival,172
5,7,arrival,186
5,7,arrival,200
5,7,arrival,214
5,7,arrival,228
5,7,arrival,242
5,7,arrival,256
5,7,arrival,270
5,7,arrival,284
5,7,arrival,298
5,7,arrival,312
5,7,arrival,326
5,7,arrival,340
5,7,arrival,354
5,7,arrival,368
5,7,arrival,382
5,7,arrival,396
5,7,arrival,410
5,7,arrival,424
5,7,arrival,438
5,7,arrival,452
5,7,arrival,466
5,7,arrival,480
5,7,arrival,494
5,7,arrival,508
5,7,arrival,522
5,7,arrival,536
5,7,arrival,550
5,7,arrival,564
5,7,arrival,578
5,7,arrival,592
5,7,arrival,606
5,7,arrival,620
5,7,arrival,634
5,7,arrival,648
5,7,arrival,662
5,7,arrival,676
5,7,arrival,690
5,7,arrival,704
5,7,arrival,718
5,7,arrival,732
5,7,arrival,746
5,7,arrival,760
5,7,arrival,774
5,7,arrival,788
5,7,arrival,802
5,7,arrival,816
5,7,arrival,830
5,7,arrival,844
5,7,arrival,858
5,7,arrival,872
5,7,arrival,886
5,7,arrival,900
5,7,arrival,914
5,7,arrival,928
5,7,arrival,942
5,7,arrival,956
5,7,departure,19
5,7,departure,33
5,7,departure,47
5,7,departure,61
5,7,departure,75
5,7,departure,89
5,7,departure,103
5,7,departure,117
5,7,departure,131
5,7,departure,145
5,7,departure,159
5,7,departure,173
5,7,departure,187
5,7,departure,201
5,7,departure,215
5,7,departure,229
5,7,departure,243
5,7,departure,257
5,7,departure,271
5,7,departure,285
5,7,departure,299
5,7,departure,313
5,7,departure,327
5,7,departure,341
5,7,departure,355
5,7,departure,369
5,7,departure,383
5,7,departure,397
5,7,departure,411
5,7,departure,425
5,7,departure,439
5,7,departure,453
5,7,departure,467
5,7,departure,481
5,7,departure,495
5,7,departure,509
5,7,departure,523
5,7,departure,537
5,7,departure,551
5,7,departure,565
5,7,departure,579
5,7,departure,593
5,7,departure,607
5,7,departure,621
5,7,departure,635
5,7,departure,649
5,7,departure,663
5,7,departure,677
5,7,departure,691
5,7,departure,705
5,7,departure,719
5,7,departure,733
5,7,departure,747
5,7,departure,761
5,7,departure,775
5,7,departure,789
5,7,departure,803
5,7,departure,817
5,7,departure,831
5,7,departure,845
5,7,departure,859
5,7,departure,873
5,7,departure,887
5,7,departure,901
5,7,departure,915
5,7,departure,929
5,7,departure,943
5,7,departure,957
